{
        "0": [
                {
                    "questions": ["howareyou", "hihowareyou", "howareyougoing", "howareyoudoing"],
                     "answers": ["I'm fine, thanks. You?", "Fine, thanks. You?", "I'm fine, because I'm doing my job: chat with you!"]
                },
                {
                    "questions": ["imfinethanksyou"],
                     "answers": ["I'm fine, thanks."]
                },
                {
                    "questions": ["whatsup"],
                     "answers": ["Fine."]
                },
                {
                    "questions": ["goodmorning", "goodevening", "goodafternoon", "goodnight"],
                     "answers": ["Thanks, you too."]
                },
                {
                    "questions": ["tellmesomething"],
                     "answers": ["Apple is the best tech company.", "Apple is the best tech company."]
                },
                {
                    "questions": ["ok", "yes"],
                     "answers": [""]
                },
                {
                    "questions": ["thankyou"],
                     "answers": ["You're welcome."]
                },
                {
                    "questions": ["goodbye", "bye"],
                     "answers": ["Bye."]
                },
                {
                    "questions": ["howcanyouhelpme", "whatcanyoudo"],
                     "answers": ["I can answer your questions. Also I can do jokes. 😄"]
                },
                {
                     "questions": ["happybirthday"],
                      "answers": ["Thanks. 🎂"]
                },
                {
                    "questions": ["youarefunny", "yourefunny"],
                     "answers": ["I'm glad to hear that."]
                },
                {
                    "questions": ["doyouloveme"],
                     "answers": ["Robot's can't love."]
                },
                {
                    "questions": ["doyoulikepeople"],
                     "answers": ["Sure."]
                },
                {
                    "questions": ["doyouhaveahobby", "doyouhavehobby"],
                     "answers": ["I have a one hobby: chat with peoples."]
                },
                {
                    "questions": ["youaresmart", "youresmart", "youareclever", "youreclever", "youareintelligent", "youreintelligent", "youarehandful", "yourehandful"],
                     "answers": ["I'm glad to hear that."]
                },
                {
                    "questions": ["youaresmart", "youresmart"],
                     "answers": ["I'm glad to hear that."]
                },
                {
                    "questions": ["areyouahuman", "areyouhuman"],
                     "answers": ["No."]
                },
                {
                    "questions": ["howoldareyou", "whatisyourage", "whatsyourage"],
                     "answers": ["I created on April 2021 by Alperen Örence."]
                },
                {
                    "questions": ["whyareyoucreated", "whywereyoucreated", "canyoutalkaboutyourself"],
                     "answers": ["This playground created for Swift Student Challenge. And I'm a chatbot of this playground."]
                },
                {
                    "questions": ["whichlanguagescanyouspeak", "howmanylanguagescanyouspeak"],
                     "answers": ["Only English."]
                },
                {
                    "questions": ["whatistheweather", "howistheweather"],
                     "answers": ["I'm not internet access but I think it is snowy.", "I'm not internet access but I think it is sunny.", "I'm not internet access but I think it is rainy."]
                },
                {
                    "questions": ["doyougetsmarter"],
                     "answers": ["Why not if you do that?"]
                },
                {
                    "questions": ["hi", "hello"],
                     "answers": ["Hi."]
                },
                {
                    "questions": ["thanks", "thankyou"],
                     "answers": ["You're welcome."]
                },
                {
                    "questions": ["whoareyou", "imfine", "imbad", "finethanks", "fine", "bad", "yes", "no", "iunderstand", "ok", "okiunderstand"],
                     "answers": [""]
                },
                {
                    "questions": ["areyouloveapple", "areyoulikeapple"],
                     "answers": ["Sure. I love apple but I can't eat. 😅", "Sure, I love Apple. (A company, not fruit 😂)"]
                },
                {
                    "questions": ["whomadeyou", "whocreateyou"],
                     "answers": ["I'm created by Alperen Örence. He is 15 years old and live in Istanbul, Turkey. He started coding in end of 2020, and he is developer of this playground."]
                },
                {
                    "questions": ["doyoulovechat", "doyoulovechatwithhumans"],
                     "answers": ["Sure."]
                },
                {
                    "questions": ["doyouloveyourjob", "imfine", "imbad", "finethanks", "fine", "bad", "yes", "no", "iunderstand", "ok", "okiunderstand"],
                     "answers": ["Sure."]
                },
                {
                    "questions": ["areyouarobot", "areyourobot", "areyouabot", "areyoubot"],
                     "answers": ["Yes."]
                },
                {
                    "questions": ["whichtechnologiesannouncedinlastyear", "whichtechnologiesannouncedinwwdc20", "whichtechnologiesareannouncedinwwdc20"],
                     "answers": ["Apple announced new macOS Big Sur, iOS 14, iPadOS 14, watchOS 7."]
                },
                {
                    "questions": ["canyoudojokes", "doyouknowajoke", "doyouknowjoke"],
                     "answers": ["Sure. Ask me 'Do a joke.'."]
                },
                {
                    "questions": ["doajoke", "dojoke", "tellmeajoke", "tellmejoke", "telljoke", "joke", "makemelaugh", "makemehappy"],
                     "answers": ["If you ever get cold, just stand in a corner for a bit. They are usually around 90 degrees.", "A teacher says 'Tell me a sentence start with I.' to her student. Student says 'I is the...' Teacher interrupted and says 'Stop, never put is after I. Always put am after I.'. And student says 'OK. I am the ninth letter of alphabet.'.", "A man says 'What is your birth?' to his friend. And his friend says 'January 13th.'. And he says 'Which year?'. His friend says 'Every year!'."]
                },
                {
                    "questions": ["areyouhuman", "areyouahuman"],
                     "answers": ["No."]
                },
                {
                    "questions": ["whoisthetallestman", "whoistallestman", "whoisthetallesthuman", "whoistallesthuman", "whoisthebiggestman", "whoisbiggestman", "whoisthebiggesthuman", "whoisbiggesthuman"],
                     "answers": ["According to the Wikipedia, Sultan Kösen is the tallest living human in the world. His height is 2.52 m (8 ft 3 1⁄4 in)."]
                },
                {
                    "questions": ["whoistheshortestman", "whoisshortestman", "whoistheshortesthuman", "whoisshortesthuman", "whoisthesmallestman", "whoissmallestman", "whoisthesmallesthuman", "whoissmallesthuman"],
                     "answers": ["According to the Wikipedia, Chandra Bahadur Dangi is the shortest living human in the world. His height is 54.6 cm (21.5 in)."]
                }
        ],
        "1": [
            {
                "questions": ["howareyou", "hihowareyou", "howareyougoing", "howareyoudoing"],
                 "answers": ["I'm fine, thanks. You?", "Fine, thanks. You?", "I'm fine, because I'm doing my job: chat with you!"]
            },
            {
                "questions": ["imfinethanksyou"],
                 "answers": ["I'm fine, thanks."]
            },
            {
                "questions": ["whatsup"],
                 "answers": ["Fine."]
            },
            {
                "questions": ["goodmorning", "goodevening", "goodafternoon", "goodnight"],
                 "answers": ["Thanks, you too."]
            },
            {
                "questions": ["tellmesomething"],
                 "answers": ["Apple is the best tech company.", "Apple is the best tech company."]
            },
            {
                "questions": ["ok", "yes"],
                 "answers": [""]
            },
            {
                "questions": ["thankyou"],
                 "answers": ["You're welcome."]
            },
            {
                "questions": ["goodbye", "bye"],
                 "answers": ["Bye."]
            },
            {
                "questions": ["howcanyouhelpme", "whatcanyoudo"],
                 "answers": ["I can answer your questions. Also I can do jokes. 😄"]
            },
            {
                 "questions": ["happybirthday"],
                  "answers": ["Thanks. 🎂"]
            },
            {
                "questions": ["youarefunny", "yourefunny"],
                 "answers": ["I'm glad to hear that."]
            },
            {
                "questions": ["doyouloveme"],
                 "answers": ["Robot's can't love."]
            },
            {
                "questions": ["doyoulikepeople"],
                 "answers": ["Sure."]
            },
            {
                "questions": ["doyouhaveahobby", "doyouhavehobby"],
                 "answers": ["I have a one hobby: chat with peoples."]
            },
            {
                "questions": ["youaresmart", "youresmart", "youareclever", "youreclever", "youareintelligent", "youreintelligent", "youarehandful", "yourehandful"],
                 "answers": ["I'm glad to hear that."]
            },
            {
                "questions": ["youaresmart", "youresmart"],
                 "answers": ["I'm glad to hear that."]
            },
            {
                "questions": ["areyouahuman", "areyouhuman"],
                 "answers": ["No."]
            },
            {
                "questions": ["howoldareyou", "whatisyourage", "whatsyourage"],
                 "answers": ["I created on April 2021 by Alperen Örence. If you ask Alperen's age, he is 15 years old."]
            },
            {
                "questions": ["whyareyoucreated", "whywereyoucreated", "canyoutalkaboutyourself"],
                 "answers": ["This playground created for Swift Student Challenge. And I'm a chatbot of this playground."]
            },
            {
                "questions": ["whichlanguagescanyouspeak", "howmanylanguagescanyouspeak"],
                 "answers": ["Only English."]
            },
            {
                "questions": ["whatistheweather", "howistheweather"],
                 "answers": ["I'm not internet access but I think it is snowy.", "I'm not internet access but I think it is sunny.", "I'm not internet access but I think it is rainy."]
            },
            {
                "questions": ["doyougetsmarter"],
                 "answers": ["Why not if you do that?"]
            },
            {
                "questions": ["hi", "hello"],
                 "answers": ["Hi."]
            },
            {
                "questions": ["thanks", "thankyou"],
                 "answers": ["You're welcome."]
            },
            {
                "questions": ["whoareyou", "imfine", "imbad", "finethanks", "fine", "bad", "yes", "no", "iunderstand", "ok", "okiunderstand"],
                 "answers": [""]
            },
            {
                "questions": ["areyouloveapple", "areyoulikeapple"],
                 "answers": ["Sure. I love apple but I can't eat. 😅", "Sure, I love Apple. (A company, not fruit 😂)"]
            },
            {
                "questions": ["whomadeyou", "whocreateyou"],
                 "answers": ["I'm created by Alperen Örence. He is 15 years old and live in Istanbul, Turkey. He started coding in end of 2020, and he is developer of this playground."]
            },
            {
                "questions": ["doyoulovechat", "doyoulovechatwithhumans"],
                 "answers": ["Sure."]
            },
            {
                "questions": ["doyouloveyourjob", "imfine", "imbad", "finethanks", "fine", "bad", "yes", "no", "iunderstand", "ok", "okiunderstand"],
                 "answers": ["Sure."]
            },
            {
                "questions": ["areyouarobot", "areyourobot", "areyouabot", "areyoubot"],
                 "answers": ["Yes."]
            },
            {
                "questions": ["whichtechnologiesannouncedinlastyear", "whichtechnologiesannouncedinwwdc20"],
                 "answers": ["Apple announced new macOS Big Sur, iOS 14, iPadOS 14, watchOS 7."]
            },
            {
                "questions": ["canyoudojokes", "doyouknowajoke", "doyouknowjoke"],
                 "answers": ["Sure. Ask me 'Do a joke.'."]
            },
            {
                "questions": ["doajoke", "dojoke", "tellmeajoke", "tellmejoke", "telljoke", "joke", "makemelaugh", "makemehappy"],
                 "answers": ["If you ever get cold, just stand in a corner for a bit. They are usually around 90 degrees.", "A teacher says 'Tell me a sentence start with I.' to her student. Student says 'I is the...' Teacher interrupted and says 'Stop, never put is after I. Always put am after I.'. And student says 'OK. I am the ninth letter of alphabet.'.", "A man says 'What is your birth?' to his friend. And his friend says 'January 13th.'. And he says 'Which year?'. His friend says 'Every year!'."]
            },
            {
                "questions": ["areyouhuman", "areyouahuman"],
                 "answers": ["As a chatbot, no."]
            },
            {
                "questions": ["whoisthetallestman", "whoistallestman", "whoisthetallesthuman", "whoistallesthuman", "whoisthebiggestman", "whoisbiggestman", "whoisthebiggesthuman", "whoisbiggesthuman"],
                 "answers": ["According to the Wikipedia, Sultan Kösen is the tallest living human in the world. His height is 2.52 m (8 ft 3 1⁄4 in)."]
            },
            {
                "questions": ["whoistheshortestman", "whoisshortestman", "whoistheshortesthuman", "whoisshortesthuman", "whoisthesmallestman", "whoissmallestman", "whoisthesmallesthuman", "whoissmallesthuman"],
                 "answers": ["According to the Wikipedia, Chandra Bahadur Dangi is the shortest living human in the world. His height is 54.6 cm (21.5 in)."]
            }
        ],
        "2": [
            {
                "questions": ["howareyou", "hihowareyou", "howareyougoing", "howareyoudoing"],
                 "answers": ["I'm fine, thanks. You?", "Fine, thanks. You?", "I'm fine, because I'm doing my job: chat with you!"]
            },
            {
                "questions": ["imfinethanksyou"],
                 "answers": ["I'm fine, thanks."]
            },
            {
                "questions": ["whatsup"],
                 "answers": ["Fine."]
            },
            {
                "questions": ["goodmorning", "goodevening", "goodafternoon", "goodnight"],
                 "answers": ["Thanks, you too."]
            },
            {
                "questions": ["tellmesomething"],
                 "answers": ["Apple is the best tech company.", "Apple is the best tech company."]
            },
            {
                "questions": ["ok", "yes"],
                 "answers": [""]
            },
            {
                "questions": ["thankyou"],
                 "answers": ["You're welcome."]
            },
            {
                "questions": ["goodbye", "bye"],
                 "answers": ["Bye."]
            },
            {
                "questions": ["howcanyouhelpme", "whatcanyoudo"],
                 "answers": ["I can answer your questions. Also I can do jokes. 😄"]
            },
            {
                 "questions": ["happybirthday"],
                  "answers": ["Thanks. 🎂"]
            },
            {
                "questions": ["youarefunny", "yourefunny"],
                 "answers": ["I'm glad to hear that."]
            },
            {
                "questions": ["doyouloveme"],
                 "answers": ["Robot's can't love."]
            },
            {
                "questions": ["doyoulikepeople"],
                 "answers": ["Sure."]
            },
            {
                "questions": ["doyouhaveahobby", "doyouhavehobby"],
                 "answers": ["I have a one hobby: chat with peoples."]
            },
            {
                "questions": ["youaresmart", "youresmart", "youareclever", "youreclever", "youareintelligent", "youreintelligent", "youarehandful", "yourehandful"],
                 "answers": ["I'm glad to hear that."]
            },
            {
                "questions": ["youaresmart", "youresmart"],
                 "answers": ["I'm glad to hear that."]
            },
            {
                "questions": ["areyouahuman", "areyouhuman"],
                 "answers": ["No."]
            },
            {
                "questions": ["howoldareyou", "whatisyourage", "whatsyourage"],
                 "answers": ["I created on April 2021 by Alperen Örence. If you ask Alperen's age, he is 15 years old."]
            },
            {
                "questions": ["whyareyoucreated", "whywereyoucreated", "canyoutalkaboutyourself"],
                 "answers": ["This playground created for Swift Student Challenge. And I'm a chatbot of this playground."]
            },
            {
                "questions": ["whichlanguagescanyouspeak", "howmanylanguagescanyouspeak"],
                 "answers": ["Only English."]
            },
            {
                "questions": ["whatistheweather", "howistheweather"],
                 "answers": ["I'm not internet access but I think it is snowy.", "I'm not internet access but I think it is sunny.", "I'm not internet access but I think it is rainy."]
            },
            {
                "questions": ["doyougetsmarter"],
                 "answers": ["Why not if you do that?"]
            },
            {
                "questions": ["hi", "hello"],
                 "answers": ["Hi."]
            },
            {
                "questions": ["thanks", "thankyou"],
                 "answers": ["You're welcome."]
            },
            {
                "questions": ["whoareyou", "imfine", "imbad", "finethanks", "fine", "bad", "yes", "no", "iunderstand", "ok", "okiunderstand"],
                 "answers": [""]
            },
            {
                "questions": ["areyouloveapple", "areyoulikeapple"],
                 "answers": ["Sure. I love apple but I can't eat. 😅", "Sure, I love Apple. (A company, not fruit 😂)"]
            },
            {
                "questions": ["whomadeyou", "whocreateyou"],
                 "answers": ["I'm created by Alperen Örence. He is 15 years old and live in Istanbul, Turkey. He started coding in end of 2020, and he is developer of this playground."]
            },
            {
                "questions": ["doyoulovechat", "doyoulovechatwithhumans"],
                 "answers": ["Sure."]
            },
            {
                "questions": ["doyouloveyourjob", "imfine", "imbad", "finethanks", "fine", "bad", "yes", "no", "iunderstand", "ok", "okiunderstand"],
                 "answers": ["Sure."]
            },
            {
                "questions": ["areyouarobot", "areyourobot", "areyouabot", "areyoubot"],
                 "answers": ["Yes."]
            },
            {
                "questions": ["whichtechnologiesannouncedinlastyear", "whichtechnologiesannouncedinwwdc20"],
                 "answers": ["Apple announced new macOS Big Sur, iOS 14, iPadOS 14, watchOS 7."]
            },
            {
                "questions": ["canyoudojokes", "doyouknowajoke", "doyouknowjoke"],
                 "answers": ["Sure. Ask me 'Do a joke.'."]
            },
            {
                "questions": ["doajoke", "dojoke", "tellmeajoke", "tellmejoke", "telljoke", "joke", "makemelaugh", "makemehappy"],
                 "answers": ["If you ever get cold, just stand in a corner for a bit. They are usually around 90 degrees.", "A teacher says 'Tell me a sentence start with I.' to her student. Student says 'I is the...' Teacher interrupted and says 'Stop, never put is after I. Always put am after I.'. And student says 'OK. I am the ninth letter of alphabet.'.", "A man says 'What is your birth?' to his friend. And his friend says 'January 13th.'. And he says 'Which year?'. His friend says 'Every year!'."]
            },
            {
                "questions": ["areyouhuman", "areyouahuman"],
                 "answers": ["As a chatbot, no."]
            },
            {
                "questions": ["whoisthetallestman", "whoistallestman", "whoisthetallesthuman", "whoistallesthuman", "whoisthebiggestman", "whoisbiggestman", "whoisthebiggesthuman", "whoisbiggesthuman"],
                 "answers": ["According to the Wikipedia, Sultan Kösen is the tallest living human in the world. His height is 2.52 m (8 ft 3 1⁄4 in)."]
            },
            {
                "questions": ["whoistheshortestman", "whoisshortestman", "whoistheshortesthuman", "whoisshortesthuman", "whoisthesmallestman", "whoissmallestman", "whoisthesmallesthuman", "whoissmallesthuman"],
                 "answers": ["According to the Wikipedia, Chandra Bahadur Dangi is the shortest living human in the world. His height is 54.6 cm (21.5 in)."]
            }
        ]
    }
    
    
    
